{
  "definition": "A robust node has positive net CAGR, t-stat>1.96, MDD>-60% and mean order fill>=80%. A continent is a connected component under one-step parameter perturbations.",
  "grid": {
    "signals": [
      "reversal_1m",
      "momentum_6m",
      "low_volatility",
      "small_cap"
    ],
    "universe_pct": [
      0.2,
      0.30000000000000004,
      0.4000000000000001,
      0.5000000000000001,
      0.6000000000000001,
      0.7000000000000002,
      0.8000000000000003,
      0.9000000000000001,
      1.0000000000000002
    ],
    "holdings": [
      10,
      20,
      30,
      50
    ],
    "aum_krw": [
      100000000.0,
      1000000000.0,
      10000000000.0
    ],
    "cost_multipliers": [
      0.5,
      1.0,
      1.5,
      2.0
    ]
  },
  "nodes_total": 1728,
  "robust_nodes": 64,
  "continents": [
    {
      "continent_id": 1,
      "nodes": 52,
      "signals": "low_volatility",
      "mean_net_cagr": 0.06587119446897115,
      "min_net_cagr": 0.050644529604970234,
      "max_cost_multiplier": 2.0,
      "aum_range": "100000000-1000000000"
    },
    {
      "continent_id": 2,
      "nodes": 12,
      "signals": "small_cap",
      "mean_net_cagr": 0.3212692790307609,
      "min_net_cagr": 0.24103425368108589,
      "max_cost_multiplier": 2.0,
      "aum_range": "100000000-1000000000"
    }
  ],
  "panel_integrity": {
    "max_allowed_monthly_gap_days": 40,
    "non_contiguous_links": 21,
    "tickers_with_non_contiguous_links": 19,
    "rows_before_reentry_quarantine": 593279,
    "rows_after_reentry_quarantine": 591515
  },
  "warning": "This is a topology diagnostic, not a multiple-testing correction. Formal reality-check/permutation testing remains a separate gate."
}