portfolio,months,cagr,mean_monthly_return
model_consensus_top30,309,-0.1292496598552162,-0.005463054318079412
mean_of_48_components,309,0.05775734852390246,0.007778032025339328
