additional_one_way_bp,months,net_cagr,t_stat,mdd
0,318,0.38729534056920967,5.79176030027646,-0.49062822445323706
25,318,0.3100496387839624,4.915548675573724,-0.5512562179697471
50,318,0.2367612781175128,4.0397322323598335,-0.6186046968500596
100,318,0.10132442842012446,2.289341296752147,-0.7693413302189114
150,318,-0.020403150848339546,0.5406998882436564,-0.9308999613522876
200,318,-0.12969360067872948,-1.2060802909785777,-0.9930388862538664
300,318,-0.31552406121450227,-4.693613817894788,-0.9999739192893645
500,318,-0.5829717922605655,-11.64151588369042,-0.9999999999341792
