bucket,months,mean_rank_ic_12m,mean_n
1,192,0.05794985992470685,48.145833333333336
2,192,0.013296888955679926,47.541666666666664
3,192,0.06030286898362327,47.869791666666664
