continent_id,nodes,signals,mean_net_cagr,min_net_cagr,max_cost_multiplier,aum_range
1,72,small_cap,0.3517297754966903,0.24219489196231914,2.0,100000000-1000000000
2,55,low_volatility,0.06595215677425767,0.049521424203296194,2.0,100000000-1000000000
