continent_id,nodes,signals,mean_net_cagr,min_net_cagr,max_cost_multiplier,aum_range
1,55,low_volatility,0.06535322198933986,0.044122380978622866,2.0,100000000-1000000000
2,12,small_cap,0.3423571043265265,0.24507885931861706,2.0,100000000-1000000000
