continent_id,nodes,signals,mean_net_cagr,min_net_cagr,max_cost_multiplier,aum_range
1,56,low_volatility,0.06619590433619775,0.046847743971045075,2.0,100000000-1000000000
2,12,small_cap,0.349652634154028,0.24940034868735417,2.0,100000000-1000000000
