continent_id,nodes,signals,mean_net_cagr,min_net_cagr,max_cost_multiplier,aum_range
1,52,low_volatility,0.06587119446897115,0.050644529604970234,2.0,100000000-1000000000
2,12,small_cap,0.3212692790307609,0.24103425368108589,2.0,100000000-1000000000
