bucket,months,mean_rank_ic_12m,mean_n
1,192,0.05875907764846807,48.21875
2,192,0.01121310864582674,47.5625
3,192,0.05979117447529327,47.942708333333336
