variant,months,mean_return,cagr,t_stat,mdd
suspension_screened,318,0.03936528996929883,0.4987832821117171,6.6724944196555604,-0.4460745797647987
unfiltered,318,0.0345421733887679,0.4198057364377292,5.95648961986168,-0.4895206723251919
