{
  "screen": "At formation, exclude any stock whose supplied Dataguide status is not 정상.",
  "suspension_flag_rows": 13385,
  "flagged_tickers": 1908,
  "strategy": "small_cap|liquidity_top_90pct|50_holdings|KRW100m|cost_0.5x",
  "summary": [
    {
      "variant": "suspension_screened",
      "months": 318,
      "mean_return": 0.03936528996929883,
      "cagr": 0.4987832821117171,
      "t_stat": 6.6724944196555604,
      "mdd": -0.4460745797647987
    },
    {
      "variant": "unfiltered",
      "months": 318,
      "mean_return": 0.0345421733887679,
      "cagr": 0.4198057364377292,
      "t_stat": 5.95648961986168,
      "mdd": -0.4895206723251919
    }
  ]
}